{
  "N_weeks": 260,
  "n_bootstrap": 200,
  "BottomKAcc_mean_q025_q975": [
    0.9451249999999999,
    0.9173076923076923,
    0.9673076923076923
  ],
  "PairwiseOrderAcc_mean_q025_q975": [
    0.991668643852839,
    0.9877941799450379,
    0.9952503545524983
  ],
  "Top1Acc_mean_q025_q975": [
    0.9462543165469403,
    0.9162995594713657,
    0.9726058530510585
  ],
  "RuleReproRateWeek_mean_q025_q975": [
    0.9373653846153845,
    0.9115384615384615,
    0.9616346153846155
  ]
}