{
  "N_weeks": 260,
  "n_bootstrap": 1000,
  "BottomKAcc_mean_q025_q975": [
    0.9423096153846154,
    0.9134615384615384,
    0.9673557692307692
  ],
  "PairwiseOrderAcc_mean_q025_q975": [
    0.990952561367475,
    0.9860383977053258,
    0.9954217565632784
  ],
  "Top1Acc_mean_q025_q975": [
    0.9385555076985782,
    0.9066666666666666,
    0.9688923303834809
  ],
  "RuleReproRateWeek_mean_q025_q975": [
    0.9385153846153846,
    0.9076923076923077,
    0.9653846153846154
  ]
}