{
  "overall_person_diff_rate": 0.04753363228699552,
  "overall_week_any_diff_rate": 0.2,
  "overall_week_diff_rate_elim": 0.18076923076923077,
  "n_weeks_used": 260,
  "n_rows_used": 2230
}